<?xml version="1.0" encoding="utf-8"?>
<resources>
    <string name="system_default">النظام الافتراضي</string>
    <!-- Status -->
    <string name="status_title">الحالة</string>
    <!-- Global -->
    <string name="global_dev_opt">تم تفعيل خيار المطور</string>
    <string name="global_dev_opt_true">خيار المطور يعمل بالفعل</string>
    <string name="global_reboot_now">إعادة التشغيل لتطبيق التغييرات</string>
    <string name="global_reboot">إعادة تشغيل</string>
    <string name="global_rebooting">جارٍ إعادة التشغيل...</string>
    <string name="global_saved">تم حفظ الملف في %s</string>
    <string name="global_save_fail">فشل حفظ الملف</string>
    <string name="global_file_too_large">التعديل على الملفات الكبيرة غير مدعوم</string>
    <string name="global_file_name_empty">لا يمكن أن يكون اسم الملف فارغًا</string>
    <string name="global_show_all">عرض %d المزيد</string>
    <string name="global_close">غلق</string>
    <string name="global_cancel">إلغاء</string>
    <string name="global_action">إجراء</string>
    <string name="global_unsupported">غير مدعوم</string>
    <!-- Query -->
    <string name="query_title">استعلام المضيف</string>
    <string name="query_search">بحث</string>
    <string name="query_host_ip">IP</string>
    <string name="query_host_type">النوع</string>
    <string name="query_host_domain">النطاق</string>
    <string name="query_remove_prompt">تمت إضافة %s للقائمة البيضاء</string>
    <string name="query_remove_error">فشل إضافة %s للقائمة البيضاء</string>
    <!-- Control Panel -->
    <string name="control_panel_title">لوحة التحكم</string>
    <string name="control_panel_language">اللغة</string>
    <string name="control_panel_bad_translation">ترجمة سيئة</string>
    <string name="control_panel_add_language">أضف لغة</string>
    <string name="control_panel_get_tiles">أضف خيار في لوحة الإشعارات</string>
    <string name="control_panel_installing">يتم التثبيت...</string>
    <string name="control_panel_installed">تم التثبيت, برجاء منح صلاحيات الروت لتطبيق Bindhosts</string>
    <string name="control_panel_download_fail">خطأ في التنزيل, برجاء التحقق من الاتصال بالإنترنت</string>
    <string name="control_panel_install_fail">فشل التثبيت, برجاء التثبيت يدويا, مسار التطبيق :  /sdcard/Download/bindhosts-app</string>
    <string name="control_panel_module_update">تحديث الإضافة</string>
    <string name="control_panel_update_true">تم تفعيل تحديث الإضافة</string>
    <string name="control_panel_update_false">تم إيقاف تحديث الإضافة</string>
    <string name="control_panel_action_redirect">اعادة تحويل Action</string>
    <string name="control_panel_action_prompt_true">تم تفعيل إعادة تحويل Action إلي واجهة الويب</string>
    <string name="control_panel_action_prompt_false">تم ايقاف إعادة تحويل Action إلي واجهة الويب</string>
    <string name="control_panel_update_hosts_daily">تحديث الhosts يوميا</string>
    <string name="control_panel_cron_true">تمت اضافة مدخل Crontab</string>
    <string name="control_panel_cron_false">تمت إزالة مدخل Crontab</string>
    <string name="control_panel_monitor_network_activity">مراقبة نشاط الشبكة</string>
    <!-- Custom -->
    <string name="custom_title">قوانين مخصصة</string>
    <string name="custom_guide1">أضف تحويلات مخصصة هتا</string>
    <string name="custom_example">مثلا:</string>
    <string name="custom_format">الهيئة:</string>
    <string name="custom_warning">تحذير: القوانين المخصصة يتم استخدامها في حالة اعادة التهيئة او التحديث</string>
    <string name="custom_prompt_fail">%s موجود بالفعل في القوانين المخصصة</string>
    <!-- Import -->
    <string name="import_custom_title">استيراد قوانين مخصصة</string>
    <!-- Source -->
    <string name="source_title">المصادر</string>
    <string name="source_guide1">مصادر قائمة الحظر</string>
    <string name="source_guide2">قواعد مخصصة</string>
    <string name="source_format">الهيئة:</string>
    <string name="source_example">مثال:</string>
    <string name="source_source_page">مصادر اضافية</string>
    <string name="source_prompt_fail">%s موجود بالفعل في المصادر</string>
    <!-- Blacklist -->
    <string name="blacklist_title">القائمة السوداء</string>
    <string name="blacklist_guide1">كل شئ يضاف هنا سوف يتم حظره</string>
    <string name="blacklist_example">مثال:</string>
    <string name="blacklist_prompt_fail">%s موجود بالفعل في القائمة السوداء</string>
    <!-- Whitelist -->
    <string name="whitelist_title">القائمة البيضاء</string>
    <string name="whitelist_guide1">كل شئ يضاف هنا لن يتم حظره</string>
    <string name="whitelist_example">مثال:</string>
    <string name="whitelist_prompt_fail">%s موجود بالفعل في القائمة البيضاء</string>
    <!-- Sources -->
    <string name="sources_whitelist_title">مصادر القائمة البيضاء</string>
    <string name="sources_whitelist_guide1">أضف مصادر القائمة البيضاء هنا</string>
    <string name="sources_whitelist_format">الهيئة:</string>
    <string name="sources_whitelist_example">مثال:</string>
    <string name="sources_whitelist_prompt_fail">%s موجود بالفعل في مصادر القائمة البيضاء</string>
    <!-- Mode -->
    <string name="mode_button">الوضع %s</string>
    <string name="mode_title">وضع التشغيل</string>
    <string name="mode_detail">اعرف المزيد</string>
    <string name="mode_reset">اعادة تهيئة (تلقائي)</string>
    <!-- More -->
    <string name="more_documents">المستندات</string>
    <string name="more_sources">المصادر</string>
    <string name="more_usage">الاستخدام</string>
    <string name="more_modes">الأوضاع</string>
    <string name="more_hiding">الإخفاء</string>
    <string name="more_faq">الأسئلة الشائعة</string>
    <string name="more_support">الدعم</string>
    <string name="more_support_issue">الإبلاغ عن مشكلة</string>
    <string name="more_support_update_canary">تحديث إلى أحدث إصدار تجريبي</string>
    <string name="more_support_update_success">تم التحديث بنجاح، أعد التشغيل لتطبيق التغييرات</string>
    <string name="more_support_update_fail">فشل التحديث، الرجاء التحميل والتثبيت يدوياً من GitHub</string>
    <string name="more_support_checking_update">التحقق من وجود تحديث...</string>
    <string name="more_support_no_update">لا توجد تحديثات متوفرة حاليا</string>
    <string name="more_support_update_locales">تحديث حزمة ملفات الترجمة</string>
    <string name="more_support_update_locales_failed">فشل تحديث حزمة ملفات الترجمة</string>
    <!-- Confirmation -->
    <string name="confirmation_title">تأكيد الحذف</string>
    <string name="confirmation_message">هل أنت متأكد أنك تريد حذف</string>
    <string name="confirmation_remove">حذف</string>
    <!-- Footer -->
    <string name="footer_home">الرئيسية</string>
    <string name="footer_hosts">Hosts</string>
    <string name="footer_more">المزيد</string>
    <!-- Backup and Restore -->
    <string name="backup_restore_backup_and_restore">النسخ الاحتياطي والاستعادة</string>
    <string name="backup_restore_export">تصدير التكوين</string>
    <string name="backup_restore_restore">استعادة التكوين</string>
    <string name="backup_restore_exported">تم حفظ التكوين في %s</string>
    <string name="backup_restore_export_fail">فشل تصدير التكوين</string>
    <string name="backup_restore_invalid_config">تكوين bindhosts غير صالح</string>
    <string name="backup_restore_restored">تم استعادة التكوين بنجاح</string>
    <string name="backup_restore_restore_fail">فشل استعادة التكوين</string>
</resources>
