<?xml version="1.0" encoding="utf-8"?>
<resources>
    <string name="system_default">Langage système</string>
    <!-- Status -->
    <string name="status_title">État</string>
    <!-- Global -->
    <string name="global_dev_opt">Option développeur activée</string>
    <string name="global_dev_opt_true">Option développeur activée</string>
    <string name="global_saved">Fichier enregistré sous %s</string>
    <string name="global_save_fail">Échec d\'enregistrement du fichier</string>
    <string name="global_file_too_large">L\'édition de fichier volumineux n\'est pas prise en charge</string>
    <string name="global_file_name_empty">Le nom du fichier ne peut pas être vide</string>
    <string name="global_show_all">Tout afficher %d Plus</string>
    <string name="global_close">Fermer</string>
    <string name="global_cancel">Annuler</string>
    <string name="global_action">Action</string>
    <string name="global_unsupported">Non supporté</string>
    <!-- Query -->
    <string name="query_title">Requête d\'Hôte</string>
    <string name="query_search">Rechercher</string>
    <string name="query_host_ip">Adresse IP </string>
    <string name="query_host_type">Type</string>
    <string name="query_host_domain">Nom de domaine</string>
    <string name="query_remove_prompt">Ajouté sur la liste blanche %s</string>
    <string name="query_remove_error">Échec d\'ajout sur liste blanche %s</string>
    <!-- Control Panel -->
    <string name="control_panel_title">Panneau de Configuration</string>
    <string name="control_panel_language">Langue utilisée</string>
    <string name="control_panel_bad_translation">Traduction incorrecte</string>
    <string name="control_panel_add_language">Ajouter une langue</string>
    <string name="control_panel_get_tiles">Ajouter une tuile Paramètres rapide</string>
    <string name="control_panel_installing">En cours d\'installation...</string>
    <string name="control_panel_installed">Installé, veuillez activer les privilèges SU pour l\'application bindhosts</string>
    <string name="control_panel_download_fail">Échec du téléchargement, veuillez vérifier votre connexion internet</string>
    <string name="control_panel_install_fail">Échec de l\'installation, veuillez installer manuellement depuis /sdcard/Download/bindhosts-app</string>
    <string name="control_panel_module_update">Mise à jour du module</string>
    <string name="control_panel_update_true">Mise à jour du module activée</string>
    <string name="control_panel_update_false">Mise à jour du module désactivée</string>
    <string name="control_panel_action_redirect">Redirection de l\'action</string>
    <string name="control_panel_action_prompt_true">Activé l\'action Magisk redirection WebUI</string>
    <string name="control_panel_action_prompt_false">Désactivé l\'action Magisk redirection WebUI</string>
    <string name="control_panel_update_hosts_daily">Mettre à jour les hôtes tous les jours</string>
    <string name="control_panel_cron_true">Entrée cron ajoutée</string>
    <string name="control_panel_cron_false">Entrée Crontab supprimée</string>
    <string name="control_panel_monitor_network_activity">Surveiller l\'activité réseau</string>
    <!-- Custom -->
    <string name="custom_title">Règles personnalisées</string>
    <string name="custom_guide1">Ajouter des redirections personnalisées ici</string>
    <string name="custom_example">Exemple :</string>
    <string name="custom_format">Format :</string>
    <string name="custom_warning">AVERTISSEMENT : Les règles personnalisées sont chargées à la fois à l\'exécution et à la réinitialisation !</string>
    <string name="custom_prompt_fail">%s est déjà dans une règle personnalisée</string>
    <!-- Import -->
    <string name="import_custom_title">Importer des règles personnalisées</string>
    <!-- Source -->
    <string name="source_title">Sources</string>
    <string name="source_guide1">Sources dans la liste noire</string>
    <string name="source_guide2">Règles personnalisées</string>
    <string name="source_format">Format :</string>
    <string name="source_example">Exemple :</string>
    <string name="source_source_page">Plus de sources</string>
    <string name="source_prompt_fail">%s existe déjà dans la source</string>
    <!-- Blacklist -->
    <string name="blacklist_title">Liste de blocage</string>
    <string name="blacklist_guide1">Tout ce que vous ajoutez ici sera sur la liste noire</string>
    <string name="blacklist_example">Exemple :</string>
    <string name="blacklist_prompt_fail">%s est déjà dans la liste noire</string>
    <!-- Whitelist -->
    <string name="whitelist_title">Liste blanche</string>
    <string name="whitelist_guide1">Tout ce que vous ajoutez ici sera sur la liste noire</string>
    <string name="whitelist_example">Exemple :</string>
    <string name="whitelist_prompt_fail">%s est déjà dans la liste blanche</string>
    <!-- Sources -->
    <string name="sources_whitelist_title">Sources de la liste blanche</string>
    <string name="sources_whitelist_guide1">Ajouter les sources de la liste blanche ici</string>
    <string name="sources_whitelist_format">Format :</string>
    <string name="sources_whitelist_example">Exemple :</string>
    <string name="sources_whitelist_prompt_fail">%s est déjà dans la liste blanche</string>
    <!-- Mode -->
    <string name="mode_button">Mode %s</string>
    <string name="mode_title">Mode fonctionnement</string>
    <string name="mode_detail">Pour en savoir plus</string>
    <string name="mode_reset">Reset (auto)</string>
    <!-- More -->
    <string name="more_documents">Documents</string>
    <string name="more_sources">Sources</string>
    <string name="more_usage">Utilisation</string>
    <string name="more_modes">Mode</string>
    <string name="more_hiding">Masquer</string>
    <string name="more_faq">FAQ - Questions fréquentes</string>
    <string name="more_support">Support</string>
    <string name="more_support_issue">Signaler un problème</string>
    <string name="more_support_update_canary">Mettre à jour vers la dernière version canary</string>
    <string name="more_support_update_success">Mise à jour réussie, redémarrez pour prendre effet</string>
    <string name="more_support_update_fail">Échec de la mise à jour, veuillez télécharger et installer manuellement à partir de GitHub</string>
    <!-- Confirmation -->
    <string name="confirmation_title">Confirmer la suppression?</string>
    <string name="confirmation_message">Êtes-vous sûr de vouloir supprimer</string>
    <string name="confirmation_remove">Supprimer</string>
    <!-- Footer -->
    <string name="footer_home">Page d’accueil</string>
    <string name="footer_hosts">Hosts</string>
    <string name="footer_more">Plus</string>
    <!-- Backup and Restore -->
    <string name="backup_restore_backup_and_restore">Sauvegarde et restauration</string>
    <string name="backup_restore_export">Exporter la configuration</string>
    <string name="backup_restore_restore">Restaurer la configuration</string>
    <string name="backup_restore_exported">Configuration enregistrée vers %s</string>
    <string name="backup_restore_export_fail">Échec de l\'exportation de la configuration</string>
    <string name="backup_restore_invalid_config">Configuration de bindhosts invalide</string>
    <string name="backup_restore_restored">Configuration restaurée avec succès</string>
    <string name="backup_restore_restore_fail">Échec de la restauration de la configuration</string>
</resources>
